<?xml version="1.0" encoding="UTF-8"?>
<project-private xmlns="http://www.netbeans.org/ns/project-private/1">
    <editor-bookmarks xmlns="http://www.netbeans.org/ns/editor-bookmarks/2" lastBookmarkId="0"/>
    <open-files xmlns="http://www.netbeans.org/ns/projectui-open-files/2">
        <group>
            <file>file:/C:/Users/seanm/Documents/NetBeansProjects/CNIT_32500_Project/src/cardgame/Deck.java</file>
            <file>file:/C:/Users/seanm/Documents/NetBeansProjects/CNIT_32500_Project/src/cardgame/Session.java</file>
            <file>file:/C:/Users/seanm/Documents/NetBeansProjects/CNIT_32500_Project/src/cardgame/Game.java</file>
            <file>file:/C:/Users/seanm/Documents/NetBeansProjects/CNIT_32500_Project/src/cardgame/Card.java</file>
            <file>file:/C:/Users/seanm/Documents/NetBeansProjects/CNIT_32500_Project/src/cardgame/Player.java</file>
            <file>file:/C:/Users/seanm/Documents/NetBeansProjects/CNIT_32500_Project/src/cardgame/GameTest.java</file>
        </group>
    </open-files>
</project-private>
